1	Candidatus Korarchaeum cryptofilum OPF8 | 374847.Kcr_0052	Archaea; Candidatus Korarchaeota; Candidatus Korarchaeum; Candidatus Korarchaeum cryptofilum
2	Caldisphaera lagunensis | WP_015231915	Archaea; Crenarchaeota; Thermoprotei; Acidilobales; Caldisphaeraceae; Caldisphaera; Caldisphaera lagunensis
3	Aeropyrum pernix K1 | 272557.APE_0680	Archaea; Crenarchaeota; Thermoprotei; Desulfurococcales; Desulfurococcaceae; Aeropyrum; Aeropyrum pernix
4	Desulfurococcus amylolyticus 1221n | 490899.DKAM_0644	Archaea; Crenarchaeota; Thermoprotei; Desulfurococcales; Desulfurococcaceae; Desulfurococcus; Desulfurococcus amylolyticus
5	Desulfurococcus mucosus DSM 2162 | 765177.Desmu_0492	Archaea; Crenarchaeota; Thermoprotei; Desulfurococcales; Desulfurococcaceae; Desulfurococcus; Desulfurococcus mucosus
6	Ignicoccus hospitalis KIN4/I | 453591.Igni_0505	Archaea; Crenarchaeota; Thermoprotei; Desulfurococcales; Desulfurococcaceae; Ignicoccus; Ignicoccus hospitalis
7	Ignisphaera aggregans DSM 17230 | 583356.Igag_0087	Archaea; Crenarchaeota; Thermoprotei; Desulfurococcales; Desulfurococcaceae; Ignisphaera; Ignisphaera aggregans
8	Staphylothermus hellenicus DSM 12710 | 591019.Shell_0658	Archaea; Crenarchaeota; Thermoprotei; Desulfurococcales; Desulfurococcaceae; Staphylothermus; Staphylothermus hellenicus
9	Thermosphaera aggregans DSM 11486 | 633148.Tagg_0509	Archaea; Crenarchaeota; Thermoprotei; Desulfurococcales; Desulfurococcaceae; Thermosphaera; Thermosphaera aggregans
10	Hyperthermus butylicus DSM 5456 | 415426.Hbut_0101	Archaea; Crenarchaeota; Thermoprotei; Desulfurococcales; Pyrodictiaceae; Hyperthermus; Hyperthermus butylicus
11	Pyrolobus fumarii 1A | 694429.Pyrfu_1969	Archaea; Crenarchaeota; Thermoprotei; Desulfurococcales; Pyrodictiaceae; Pyrolobus; Pyrolobus fumarii
12	Acidianus | WP_013775956	Archaea; Crenarchaeota; Thermoprotei; Sulfolobales; Sulfolobaceae; Acidianus
13	Metallosphaera cuprina Ar-4 | 1006006.Mcup_0347	Archaea; Crenarchaeota; Thermoprotei; Sulfolobales; Sulfolobaceae; Metallosphaera; Metallosphaera cuprina
14	Metallosphaera sedula | WP_012021864	Archaea; Crenarchaeota; Thermoprotei; Sulfolobales; Sulfolobaceae; Metallosphaera; Metallosphaera sedula
15	Saccharolobus solfataricus P2 | 273057.SSO6206	Archaea; Crenarchaeota; Thermoprotei; Sulfolobales; Sulfolobaceae; Saccharolobus; Saccharolobus solfataricus
16	Sulfolobus acidocaldarius DSM 639 | 330779.Saci_1569	Archaea; Crenarchaeota; Thermoprotei; Sulfolobales; Sulfolobaceae; Sulfolobus; Sulfolobus acidocaldarius
17	Sulfurisphaera tokodaii str. 7 | 273063.STS176	Archaea; Crenarchaeota; Thermoprotei; Sulfolobales; Sulfolobaceae; Sulfurisphaera; Sulfurisphaera tokodaii
18	Caldivirga maquilingensis IC-167 | 397948.Cmaq_0221	Archaea; Crenarchaeota; Thermoprotei; Thermoproteales; Thermoproteaceae; Caldivirga; Caldivirga maquilingensis
19	Pyrobaculum aerophilum str. IM2 | 178306.PAE0866	Archaea; Crenarchaeota; Thermoprotei; Thermoproteales; Thermoproteaceae; Pyrobaculum; Pyrobaculum aerophilum
20	Pyrobaculum calidifontis JCM 11548 | 410359.Pcal_0055	Archaea; Crenarchaeota; Thermoprotei; Thermoproteales; Thermoproteaceae; Pyrobaculum; Pyrobaculum calidifontis
21	Pyrobaculum islandicum DSM 4184 | 384616.Pisl_1129	Archaea; Crenarchaeota; Thermoprotei; Thermoproteales; Thermoproteaceae; Pyrobaculum; Pyrobaculum islandicum
22	Pyrobaculum neutrophilum V24Sta | 444157.Tneu_0081	Archaea; Crenarchaeota; Thermoprotei; Thermoproteales; Thermoproteaceae; Pyrobaculum; Pyrobaculum neutrophilum
23	Pyrobaculum oguniense TE7 | 698757.Pogu_2399	Archaea; Crenarchaeota; Thermoprotei; Thermoproteales; Thermoproteaceae; Pyrobaculum; Pyrobaculum oguniense
24	Thermoproteus tenax | WP_014127731	Archaea; Crenarchaeota; Thermoprotei; Thermoproteales; Thermoproteaceae; Thermoproteus; Thermoproteus tenax
25	Thermoproteus uzoniensis 768-20 | 999630.TUZN_1627	Archaea; Crenarchaeota; Thermoprotei; Thermoproteales; Thermoproteaceae; Thermoproteus; Thermoproteus uzoniensis
26	Vulcanisaeta distributa | WP_013336907	Archaea; Crenarchaeota; Thermoprotei; Thermoproteales; Thermoproteaceae; Vulcanisaeta; Vulcanisaeta distributa
27	Vulcanisaeta moutnovskia 768-28 | 985053.VMUT_0251	Archaea; Crenarchaeota; Thermoprotei; Thermoproteales; Thermoproteaceae; Vulcanisaeta; Vulcanisaeta moutnovskia
28	Aciduliprofundum boonei T469 | 439481.Aboo_1414	Archaea; Euryarchaeota; Aciduliprofundum; Aciduliprofundum boonei
29	Archaeoglobus fulgidus DSM 4304 | 224325.AF1549	Archaea; Euryarchaeota; Archaeoglobi; Archaeoglobales; Archaeoglobaceae; Archaeoglobus; Archaeoglobus fulgidus
30	Archaeoglobus profundus | WP_012939974	Archaea; Euryarchaeota; Archaeoglobi; Archaeoglobales; Archaeoglobaceae; Archaeoglobus; Archaeoglobus profundus
31	Archaeoglobus sulfaticallidus | WP_015590663	Archaea; Euryarchaeota; Archaeoglobi; Archaeoglobales; Archaeoglobaceae; Archaeoglobus; Archaeoglobus sulfaticallidus
32	Archaeoglobus veneficus | WP_013682814	Archaea; Euryarchaeota; Archaeoglobi; Archaeoglobales; Archaeoglobaceae; Archaeoglobus; Archaeoglobus veneficus
33	Ferroglobus placidus | WP_012965795	Archaea; Euryarchaeota; Archaeoglobi; Archaeoglobales; Archaeoglobaceae; Ferroglobus; Ferroglobus placidus
34	Haloarcula hispanica ATCC 33960 | 634497.HAH_4307	Archaea; Euryarchaeota; Halobacteria; Halobacteriales; Haloarculaceae; Haloarcula; Haloarcula hispanica
35	Haloarcula marismortui ATCC 43049 | 272569.rrnB0191	Archaea; Euryarchaeota; Halobacteria; Halobacteriales; Haloarculaceae; Haloarcula; Haloarcula marismortui
36	Halorhabdus tiamatea SARL4B | 1033806.HLRTI_01314	Archaea; Euryarchaeota; Halobacteria; Halobacteriales; Haloarculaceae; Halorhabdus; Halorhabdus tiamatea
37	Halorhabdus utahensis DSM 12940 | 519442.Huta_0138	Archaea; Euryarchaeota; Halobacteria; Halobacteriales; Haloarculaceae; Halorhabdus; Halorhabdus utahensis
38	Haloferax volcanii DS2 | 309800.HVO_2863	Archaea; Euryarchaeota; Halobacteria; Haloferacales; Haloferacaceae; Haloferax; Haloferax volcanii
39	Halogeometricum borinquense | WP_006056136	Archaea; Euryarchaeota; Halobacteria; Haloferacales; Haloferacaceae; Halogeometricum; Halogeometricum borinquense
40	Haloterrigena turkmenica | WP_012945333	Archaea; Euryarchaeota; Halobacteria; Natrialbales; Natrialbaceae; Haloterrigena; Haloterrigena turkmenica
41	Natronobacterium gregoryi | WP_005578807	Archaea; Euryarchaeota; Halobacteria; Natrialbales; Natrialbaceae; Natronobacterium; Natronobacterium gregoryi
42	Salinarchaeum sp. Harcht-Bsk1 | WP_020447468	Archaea; Euryarchaeota; Halobacteria; Natrialbales; Natrialbaceae; Salinarchaeum; unclassified Salinarchaeum
43	Methanobacterium paludis | 868131.MSWAN_0327	Archaea; Euryarchaeota; Methanobacteria; Methanobacteriales; Methanobacteriaceae; Methanobacterium; Methanobacterium paludis
44	Methanosphaera stadtmanae DSM 3091 | 339860.Msp_1357	Archaea; Euryarchaeota; Methanobacteria; Methanobacteriales; Methanobacteriaceae; Methanosphaera; Methanosphaera stadtmanae
45	Methanothermobacter thermautotrophicus str. Delta H | 187420.MTH889	Archaea; Euryarchaeota; Methanobacteria; Methanobacteriales; Methanobacteriaceae; Methanothermobacter; Methanothermobacter thermautotrophicus
46	Methanothermus fervidus DSM 2088 | 523846.Mfer_1283	Archaea; Euryarchaeota; Methanobacteria; Methanobacteriales; Methanothermaceae; Methanothermus; Methanothermus fervidus
47	Methanocaldococcus fervens AG86 | 573064.Mefer_1274	Archaea; Euryarchaeota; Methanococci; Methanococcales; Methanocaldococcaceae; Methanocaldococcus; Methanocaldococcus fervens
48	Methanocaldococcus infernus ME | 573063.Metin_0569	Archaea; Euryarchaeota; Methanococci; Methanococcales; Methanocaldococcaceae; Methanocaldococcus; Methanocaldococcus infernus
49	Methanocaldococcus vulcanius M7 | 579137.Metvu_0496	Archaea; Euryarchaeota; Methanococci; Methanococcales; Methanocaldococcaceae; Methanocaldococcus; Methanocaldococcus vulcanius
50	Methanotorris igneus Kol 5 | 880724.Metig_1722	Archaea; Euryarchaeota; Methanococci; Methanococcales; Methanocaldococcaceae; Methanotorris; Methanotorris igneus
51	Methanococcus aeolicus Nankai-3 | 419665.Maeo_1311	Archaea; Euryarchaeota; Methanococci; Methanococcales; Methanococcaceae; Methanococcus; Methanococcus aeolicus
52	Methanococcus maripaludis C5 | 402880.MmarC5_1208	Archaea; Euryarchaeota; Methanococci; Methanococcales; Methanococcaceae; Methanococcus; Methanococcus maripaludis
53	Methanococcus maripaludis C6 | 444158.MmarC6_0482	Archaea; Euryarchaeota; Methanococci; Methanococcales; Methanococcaceae; Methanococcus; Methanococcus maripaludis
54	Methanococcus vannielii SB | 406327.Mevan_1414	Archaea; Euryarchaeota; Methanococci; Methanococcales; Methanococcaceae; Methanococcus; Methanococcus vannielii
55	Methanococcus voltae | WP_013181012	Archaea; Euryarchaeota; Methanococci; Methanococcales; Methanococcaceae; Methanococcus; Methanococcus voltae
56	Methanothermococcus okinawensis IH1 | 647113.Metok_0578	Archaea; Euryarchaeota; Methanococci; Methanococcales; Methanococcaceae; Methanothermococcus; Methanothermococcus okinawensis
57	Methanocella paludicola SANAE | 304371.MCP_1826	Archaea; Euryarchaeota; Methanomicrobia; Methanocellales; Methanocellaceae; Methanocella; Methanocella paludicola
58	Methanococcoides burtonii | WP_011499260	Archaea; Euryarchaeota; Methanomicrobia; Methanosarcinales; Methanosarcinaceae; Methanococcoides; Methanococcoides burtonii
59	Methanohalophilus mahii | WP_013036982	Archaea; Euryarchaeota; Methanomicrobia; Methanosarcinales; Methanosarcinaceae; Methanohalophilus; Methanohalophilus mahii
60	Methanomethylovorans hollandica | WP_015324009	Archaea; Euryarchaeota; Methanomicrobia; Methanosarcinales; Methanosarcinaceae; Methanomethylovorans; Methanomethylovorans hollandica
61	Methanosaeta harundinacea | WP_014586518	Archaea; Euryarchaeota; Methanomicrobia; Methanosarcinales; Methanotrichaceae; Methanothrix; Methanosaeta harundinacea
62	Methanothrix thermoacetophila PT | 349307.Mthe_0275	Archaea; Euryarchaeota; Methanomicrobia; Methanosarcinales; Methanotrichaceae; Methanothrix; Methanothrix thermoacetophila
63	Methanopyrus kandleri AV19 | 190192.MK1384	Archaea; Euryarchaeota; Methanopyri; Methanopyrales; Methanopyraceae; Methanopyrus; Methanopyrus kandleri
64	Pyrococcus abyssi GE5 | 272844.PAB1228	Archaea; Euryarchaeota; Thermococci; Thermococcales; Thermococcaceae; Pyrococcus; Pyrococcus abyssi
65	Pyrococcus furiosus DSM 3638 | 186497.PF0231	Archaea; Euryarchaeota; Thermococci; Thermococcales; Thermococcaceae; Pyrococcus; Pyrococcus furiosus
66	Pyrococcus horikoshii OT3 | 70601.PH1931	Archaea; Euryarchaeota; Thermococci; Thermococcales; Thermococcaceae; Pyrococcus; Pyrococcus horikoshii
67	Pyrococcus yayanosii CH1 | 529709.PYCH_13100	Archaea; Euryarchaeota; Thermococci; Thermococcales; Thermococcaceae; Pyrococcus; Pyrococcus yayanosii
68	Pyrococcus sp. NA2 | 342949.PNA2_0877	Archaea; Euryarchaeota; Thermococci; Thermococcales; Thermococcaceae; Pyrococcus; unclassified Pyrococcus
69	Thermococcus barophilus MP | 391623.TERMP_01885	Archaea; Euryarchaeota; Thermococci; Thermococcales; Thermococcaceae; Thermococcus; Thermococcus barophilus
70	Thermococcus kodakarensis KOD1 | 69014.TK1882	Archaea; Euryarchaeota; Thermococci; Thermococcales; Thermococcaceae; Thermococcus; Thermococcus kodakarensis
71	Thermococcus onnurineus NA1 | 523850.TON_1662	Archaea; Euryarchaeota; Thermococci; Thermococcales; Thermococcaceae; Thermococcus; Thermococcus onnurineus
72	Thermococcus sibiricus MM 739 | 604354.TSIB_1967	Archaea; Euryarchaeota; Thermococci; Thermococcales; Thermococcaceae; Thermococcus; Thermococcus sibiricus
73	Thermococcus sp. AM4 | 246969.TAM4_1441	Archaea; Euryarchaeota; Thermococci; Thermococcales; Thermococcaceae; Thermococcus; unclassified Thermococcus
74	Candidatus Methanomassiliicoccus intestinalis | WP_020448394	Archaea; Euryarchaeota; Thermoplasmata; Methanomassiliicoccales; Methanomassiliicoccaceae; Methanomassiliicoccus
75	Ferroplasma acidarmanus fer1 | 333146.Faci_050500001759	Archaea; Euryarchaeota; Thermoplasmata; Thermoplasmatales; Ferroplasmaceae; Ferroplasma; Ferroplasma acidarmanus
76	Picrophilus torridus DSM 9790 | 263820.PTO1016	Archaea; Euryarchaeota; Thermoplasmata; Thermoplasmatales; Picrophilaceae; Picrophilus; Picrophilus torridus
77	Thermoplasma acidophilum DSM 1728 | 273075.Ta1183	Archaea; Euryarchaeota; Thermoplasmata; Thermoplasmatales; Thermoplasmataceae; Thermoplasma; Thermoplasma acidophilum
78	Thermoplasma volcanium GSS1 | 273116.TVN0389	Archaea; Euryarchaeota; Thermoplasmata; Thermoplasmatales; Thermoplasmataceae; Thermoplasma; Thermoplasma volcanium
79	Streptomyces sp. e14 | 645465.SSTG_05400	Bacteria; Actinobacteria; Actinobacteria; Streptomycetales; Streptomycetaceae; Streptomyces; unclassified Streptomyces
80	Chryseobacterium gleum ATCC 35910 | 525257.HMPREF0204_15193	Bacteria; Bacteroidetes; Flavobacteriia; Flavobacteriales; Flavobacteriaceae; Chryseobacterium; Chryseobacterium gleum
81	Acidithiobacillus caldus ATCC 51756 | 637389.ACA_2270	Bacteria; Proteobacteria; Acidithiobacillia; Acidithiobacillales; Acidithiobacillaceae; Acidithiobacillus; Acidithiobacillus caldus
82	Gluconobacter | WP_015073434	Bacteria; Proteobacteria; Alphaproteobacteria; Rhodospirillales; Acetobacteraceae; Gluconobacter
83	Desulfotalea psychrophila LSv54 | 177439.DP2436	Bacteria; Proteobacteria; Deltaproteobacteria; Desulfobacterales; Desulfobulbaceae; Desulfotalea; Desulfotalea psychrophila
84	Glaciecola nitratireducens FR1064 | 1085623.GNIT_3270	Bacteria; Proteobacteria; Gammaproteobacteria; Alteromonadales; Alteromonadaceae; Glaciecola; Glaciecola nitratireducens
85	Shewanella | WP_011637748	Bacteria; Proteobacteria; Gammaproteobacteria; Alteromonadales; Shewanellaceae; Shewanella
86	Nitrosococcus halophilus Nc 4 | 472759.Nhal_1187	Bacteria; Proteobacteria; Gammaproteobacteria; Chromatiales; Chromatiaceae; Nitrosococcus; Nitrosococcus halophilus
87	Edwardsiella ictaluri 93-146 | 634503.NT01EI_3508	Bacteria; Proteobacteria; Gammaproteobacteria; Enterobacterales; Hafniaceae; Edwardsiella; Edwardsiella ictaluri
88	Edwardsiella tarda EIB202 | 498217.ETAE_3156	Bacteria; Proteobacteria; Gammaproteobacteria; Enterobacterales; Hafniaceae; Edwardsiella; Edwardsiella tarda
89	Reinekea blandensis MED297 | 314283.MED297_08161	Bacteria; Proteobacteria; Gammaproteobacteria; Oceanospirillales; Saccharospirillaceae; Reinekea; Reinekea blandensis
